url,"Sep 13 2024, 12:00AM - Dec 12 2024, 9:30AM"
https://www.flyovericeland.com/,27396
https://bookings.flyovericeland.com/FOI/activities/details/16/RVK-FOI/Attraction?currency=ISK,12371
https://www.flyovericeland.com/hours-pricing/,10527
https://bookings.flyovericeland.com/FOI/checkout,10164
https://bookings.flyovericeland.com/FOI/enhance,7298
https://bookings.flyovericeland.com/FOI/activities/details/16/RVK-FOI/Attraction,6062
https://www.flyovericeland.com/experience/,5221
https://bookings.flyovericeland.com/FOI/activities/details/16/RVK-FOI/Attraction/2020-05-08?currency=ISK,4446
https://bookings.flyovericeland.com/printorder,4405
https://www.flyovericeland.com/getting-here/,4102
https://www.flyovericeland.com/is/,3346
https://bookings.flyovericeland.com/FOI/activities/16,3145
https://www.flyovericeland.com/experience/faqs/,2654
https://bookings.flyovericeland.com/FOI/activities/details/16/RVK-FOI/Attraction/?currency=ISK,1683
https://bookings.flyovericeland.com/FOI-IS/checkout,1533
https://bookings.flyovericeland.com/FOI-IS/activities/details/16/RVK-FOI/Attraction?currency=ISK,1432
https://www.flyovericeland.com/is/opnunartimar-og-verd/,1283
https://bookings.flyovericeland.com/FOI,1225
https://www.flyovericeland.com/now-is-the-time/,1218
https://www.flyovericeland.com/gift-tickets/,1088
https://www.flyovericeland.com/stories/top-10-waterfalls-in-iceland/,1049
https://www.flyovericeland.com/events/believe-chicago/,1048
https://www.flyovericeland.com/stories/,1046
https://bookings.flyovericeland.com/FOI-IS/enhance,874
https://flyovericeland.com/,833
https://bookings.flyovericeland.com/FOI-IS/activities/details/16/RVK-FOI-GIFT/Attraction?currency=ISK,771
https://www.flyovericeland.com/stories/taking-flight-the-making-of-flyover-iceland/,767
https://www.flyovericeland.com/is/gjafabref/,741
https://www.flyovericeland.com/contact-us/,676
https://bookings.flyovericeland.com/FOI-IS/activities/details/16/RVK-FOI/Attraction/2020-05-08?currency=ISK,671
https://www.flyovericeland.com/welcome/,655
https://www.flyovericeland.com/stories/christmas-in-iceland/,584
https://bookings.flyovericeland.com/FOI-IS/activities/details/16/RVK-FOI/Attraction,556
https://www.flyovericeland.com/stories/inside-the-location-%C3%BEridrangaviti-lighthouse/,550
https://www.flyovericeland.com/stories/how-to-get-around-reykjavik/,537
https://bookings.flyovericeland.com/FOI/activities/details/16/RVK-FOI-GIFT/Attraction?currency=ISK,522
https://www.flyovericeland.com/experience/kaffi-grandi/,436
https://gtm-msr.appspot.com/render2?id=GTM-NQM7THG,415
https://bookings.flyovericeland.com/FOI/activities/details/16/RVK-FOI-R/Attraction?currency=ISK,371
https://www.flyovericeland.com/is/nu-er-timinn/,364
https://www.flyovericeland.com/is/vidburdir-og-tilbod/believe-chicago/,340
https://bookings.flyovericeland.com/FOI-IS/activities/16,334
https://www.flyovericeland.com/is/upplifun/algengar-spurningar/,305
https://bookings.flyovericeland.com/FOI/activities/details/16/RVK-FOI/Attraction/2020-05-08,295
https://www.flyovericeland.com/stories/the-making-of-flyover-iceland-chapter-1/,274
https://bookings.flyovericeland.com/FOI/activities/details/16/RVK-FOI/Attraction?currency=GBP,271
https://www.flyovericeland.com/stories/waterfalls-of-iceland/,268
https://www.flyovericeland.com/is/tilbo%C3%B0-og-vi%C3%B0bur%C3%B0ir/,255
https://flyovericeland.com/hours-pricing/,246
https://bookings.flyovericeland.com/FOI/activities/details/16/RVK-FOI/Attraction/,244
https://www.flyovericeland.com/terms-conditions/,243
https://www.flyovericeland.com/stories/getting-the-shot-the-making-of-flyover-iceland/,239
https://www.flyovericeland.com/stories/5-things-to-do-in-reykjavik-this-winter/,227
https://bookings.flyovericeland.com/FOI-IS/activities/details/16/RVK-FOI/Attraction/?currency=ISK,222
https://www.flyovericeland.com/explore-unseen-iceland/,222
https://www.flyovericeland.com/experience/grandi/,214
https://bookings.flyovericeland.com/FOI/activities/details/16/RVK-FOI/Attraction?currency=USD,213
https://bookings.flyovericeland.com/FOI/activities/details/16/RVK-FOI/Attraction?currency=EUR,209
https://www.flyovericeland.com/stories/iceland-architecture-top-5-must-see-sites/,209
https://www.flyovericeland.com/is/sogur/nor%C3%B0urljos-a-islandi/,201
https://flyovericeland.com/is/,194
https://bookings.flyovericeland.com/FOI-IS/activities/details/16/RVK-FOI-R/Attraction?currency=ISK,187
https://flyovericeland.com/events/believe-chicago/,184
https://bookings.flyovericeland.com/FOI-IS,180
https://www.flyovericeland.com/stories/building-blocks-the-making-of-flyover-iceland/,166
https://www.flyovericeland.com/is/upplifun/,158
https://www.flyovericeland.com/is/sogur/reykjavik-me%C3%B0-bornunum-6-hugmyndir-af-af%C3%BEreyingu/,149
https://www.flyovericeland.com/safety-promise/,145
https://www.flyovericeland.com/groups/friends-and-family/,125
https://www.flyovericeland.com/stories/iceland-s-troll-whisperer-brian-pilkington/,124
https://flyovericeland.com/experience/,116
https://www.flyovericeland.com/is/hafa-samband/,115
https://flyovericeland.com/gift-tickets/,112
https://www.flyovericeland.com/stories/highlights-of-grandi/,108
https://www.flyovericeland.com/is/komist-a-stadinn/,104
https://www.flyovericeland.com/groups/,102
https://www.flyovericeland.com/stories/a-short-layover-in-reykjavik/,94
https://www.flyovericeland.com/deals-and-events/,90
https://www.flyovericeland.com/groups/school-groups/,87
https://bookings.flyovericeland.com/FOI/activities/details/16/RVK-FOI/Attraction/2020-05-08?currency=EUR,85
https://flyovericeland.com/now-is-the-time/,80
https://bookings.flyovericeland.com/FOI/activities/details/16/RVK-FOI/Attraction?promoCode=ELDING,79
https://bookings.flyovericeland.com/FOI/activities/details/16/RVK-FOI/Attraction/2020-05-08?currency=USD,75
https://flyovericeland.com/getting-here/,75
https://www.flyovericeland.com/stories/9-fun-facts-about-chicago/,72
https://www.flyovericeland.com/stories/when-to-visit-iceland/,72
https://www.flyovericeland.com/is/upplifun/kaffi-grandi/,70
https://flyovericeland.com/experience/faqs/,69
https://www.flyovericeland.com/is/hopvidburdir/fjolskyldu-vinahopar/,67
https://www.flyovericeland.com/stories/northern-lights-in-iceland/,66
https://www.flyovericeland.com/is/hopvidburdir/fyrirt%C3%A6kjahopar-og-hopefli/,64
https://www.flyovericeland.com/is/lofor%C3%B0-um-oryggi/,64
https://www.flyovericeland.com/stories/why-is-iceland-so-obsessed-with-eurovision/,64
https://bookings.flyovericeland.com/FOI-IS/activities/details/16/RVK-FOI/Attraction/2020-05-08,62
https://bookings.flyovericeland.com/FOI/activities/details/16/RVK-FOI/Attraction/2020-05-08?currency=GBP,62
https://www.flyovericeland.com/stories/top-10-waterfalls-in-iceland/?_x_tr_sl=en&_x_tr_tl=de&_x_tr_hl=de&_x_tr_pto=rq,62
https://flyovericeland.com/is/gjafabref/,60
https://www.flyovericeland.com/stories/reykjavik-with-kids-the-best-spots-for-family-travellers/,60
https://www.flyovericeland.com/groups/corporate-groups/,59
https://www.flyovericeland.com/stories/what-to-know-about-believe-chicago/,53
https://bookings.flyovericeland.com/FOI/activities/details/34/RVK-FOI-R/Attraction?currency=ISK,52
https://www.flyovericeland.com/equal-pay-policy/,49
https://flyovericeland.com/is/lofor%C3%B0-um-oryggi/,48
https://www.flyovericeland.com/is/sogur/helstu-vi%C3%B0komusta%C3%B0ir-a-granda/,48
https://www.flyovericeland.com/stories/reykjavik-on-a-rainy-day/,47
https://flyovericeland.com/is/hopvidburdir/fyrirt%C3%A6kjahopar-og-hopefli/,46
https://www.flyovericeland.com/is/jafnlaunastefna/,46
https://www.flyovericeland.com/is/hopvidburdir/,45
https://www.flyovericeland.com/is/sogur/,43
https://flyovericeland.com/experience/kaffi-grandi/,41
https://flyovericeland.com/stories/,40
https://www.flyovericeland.com/stories/grandi-s-newest-landmark-takes-shape/,39
https://www.flyovericeland.com/is/hopvidburdir/skolahopar/,38
https://www.flyovericeland.com/stories/winter-thunder-inside-iceland-s-%C3%BEorrinn-festival/,37
https://stage.flyovericeland.com/hours-pricing/,36
https://bookings.flyovericeland.com/FOI/activities/details/16/RVK-FOI/Attraction?promoCode=KEA15,35
https://flyovericeland.com/explore-unseen-iceland/,35
https://www.flyovericeland.com/stories/behind-the-scenes-update-from-flyover-iceland/,35
https://flyovericeland.com/is/hopvidburdir/fjolskyldu-vinahopar/,34
https://www.flyovericeland.com/stories/5-believe-chicago-locations-that-define-the-city/,34
https://www.flyovericeland.com/is/skilmalar/,33
https://www.flyovericeland.com/is/sogur/reykjavik-i-vetur/,33
https://www.flyovericeland.com/stories/5-fun-facts-about-iceland/,33
https://bookings.flyovericeland.com/FOI/activities/details/16/RVK-FOI-R/Attraction,32
https://flyovericeland.com/groups/corporate-groups/,32
https://flyovericeland.com/groups/friends-and-family/,32
https://flyovericeland.com/is/hopvidburdir/skolahopar/,32
https://www.flyovericeland.com/stories/chicago-takes-flight-the-city-through-music-with-elliott-wheeler/,32
https://flyovericeland.com/contact-us/,31
https://flyovericeland.com/is/jafnlaunastefna/,31
https://flyovericeland.com/is/opnunartimar-og-verd/,31
https://www.flyovericeland.com/stories/how-to-plan-a-trip-to-iceland/,31
"https://www.flyovericeland.com/is/404/?redirectUrl=/is/opnunartimar-og-verd/%3E,",30
https://bookings.flyovericeland.com/FOI/activities/details/16/RVK-FOI/Attraction?currency=CAD,29
https://flyovericeland.com/is/nu-er-timinn/,28
https://flyovericeland.com/travel-trade/,28
"https://www.flyovericeland.com/stories/coffee,-sweaters-and-tasty-treats/",28
https://www.flyovericeland.com/travel-trade/,28
https://www.flyovericeland.com/stories/reykjavik-with-kids-top-6-sights/,27
https://www.flyovericeland.com/stories/what-is-a-flight-ride/,27
https://www.flyovericeland.com/stories/chicago-narratives-trumpeter-corey-wilkes/,26
https://www.flyovericeland.com/stories/welcomed-with-open-arms/,26
https://bookings.flyovericeland.com/FOI-IS/activities/details/16/RVK-FOI-R/Attraction,25
https://flyovericeland.com/is/sogur/undirsto%C3%B0urnar-flyover-iceland/,25
https://www.flyovericeland.com/stories/icelandic-storytelling/,25
https://flyovericeland.com/terms-conditions/,24
https://www.flyovericeland.com/is/upplifun/grandi/,24
https://flyovericeland.com/is/sogur/hvernig-flyover-iceland-var%C3%B0-til-kafli-1/,23
https://www.flyovericeland.com/is/einstakaisland/,23
https://www.flyovericeland.com/is/sogur/hvernig-flyover-iceland-var%C3%B0-til-kafli-1/,23
https://www.flyovericeland.com/stories/five-rainy-day-activities-in-reykjavik/,23
https://www.flyovericeland.com/stories/moment-factory-bringing-the-spirit-of-iceland/,23
https://bookings.flyovericeland.com/FOI/activities,22
https://flyovericeland.com/is/vidburdir-og-tilbod/believe-chicago/,22
https://flyovericeland.com/experience/grandi/,21
https://flyovericeland.com/stories/iceland-s-troll-whisperer-brian-pilkington/,21
https://flyovericeland.com/equal-pay-policy/,20
https://flyovericeland.com/groups/,20
https://www.flyovericeland.com/?gad_source=1,20
https://www.flyovericeland.com/is/sogur/flugtak-ger%C3%B0-flyover-iceland/,20
https://bookings.flyovericeland.com/FOI-IS/activities/details/16/RVK-FOI/Attraction/,19
https://flyovericeland.com/safety-promise/,19
https://flyovericeland.com/stories/getting-the-shot-the-making-of-flyover-iceland/,19
https://flyovericeland.com/stories/taking-flight-the-making-of-flyover-iceland/,19
https://www.flyovericeland.com/is/sogur/kanadabuar-toku-okkur-opnum-ormum/,19
https://www.flyovericeland.com/is/sogur/trollahvislarinn-brian-pilkington/,19
https://www.flyovericeland.com/stories/flyover-update-the-shoot-continues/,19
https://www.flyovericeland.com/stories/meet-flyover-iceland-s-andre-janse/,19
https://flyovericeland.com/groups/school-groups/,18
https://flyovericeland.com/stories/the-making-of-flyover-iceland-chapter-1/,18
https://stage.flyovericeland.com/stories/what-to-know-about-believe-chicago/,18
https://www.flyovericeland.com/is/sogur/islenskur-arkitektur/,18
https://www.flyovericeland.com/stories/groundbreaking-at-flyover-iceland/,18
https://www.flyovericeland.com/stories/photos-from-iceland-s-volcano-eruption/,18
https://bookings.flyovericeland.com/FOI-IS/activities/details/34/RVK-FOI-R/Attraction?currency=ISK,17
https://flyovericeland.com/is/skilmalar/,17
https://flyovericeland.com/is/upplifun/,17
https://flyovericeland.com/is/upplifun/algengar-spurningar/,17
https://flyovericeland.com/stories/building-blocks-the-making-of-flyover-iceland/,17
https://www.flyovericeland.com/is/sogur/undirsto%C3%B0urnar-flyover-iceland/,17
https://bookings.flyovericeland.com/FOI-IS/activities/details/16/RVK-FOI/Attraction?currency=GBP,16
https://bookings.flyovericeland.com/FOI-IS/activities/details/16/RVK-FOI/Attraction?currency=USD,16
https://flyovericeland.com/is/einstakaisland/,16
https://flyovericeland.com/is/hafa-samband/,16
https://flyovericeland.com/is/hopvidburdir/,16
https://flyovericeland.com/is/personuverndarstefna/,16
https://flyovericeland.com/is/sogur/,16
https://flyovericeland.com/is/upplifun/grandi/,16
https://flyovericeland.com/is/upplifun/kaffi-grandi/,16
https://www.flyovericeland.com/is/sogur/fljugum-a-ny/,16
https://www.flyovericeland.com/is/sogur/islenska-soguhef%C3%B0in/,16
"https://www.flyovericeland.com/is/sogur/flugsyning,-hva%C3%B0-er-%C3%BEa%C3%B0/",15
https://flyovericeland.com/is/sogur/flugtak-ger%C3%B0-flyover-iceland/,14
https://flyovericeland.com/is/sogur/tofrar-i-loftinu-a%C3%B0-na-retta-skotinu/,14
https://stage.flyovericeland.com/stories/5-believe-chicago-locations-that-define-the-city/,14
https://www.flyovericeland.com/is/sogur/frettir-af-flyover-byggingunni-juni-2019/,14
https://www.flyovericeland.com/is/sogur/tofrar-i-loftinu-a%C3%B0-na-retta-skotinu/,14
https://www.flyovericeland.com/stories/meet-our-architect/,14
https://bookings.flyovericeland.com/FOI-IS/activities/details/16/RVK-FOI/Attraction?currency=EUR,13
https://flyovericeland.com/is/komist-a-stadinn/,13
https://bookings.flyovericeland.com/null/activities/16,12
https://www.flyovericeland.com/is/personuverndarstefna/,12
https://www.flyovericeland.com/is/sogur/flyover-nyjasta-nytt-myndatokur-halda-afram/,12
https://www.flyovericeland.com/stories/an-interview-with-canada-s-ambassador-to-iceland/,12
https://www.flyovericeland.com/stories/construction-update-december-2018/,12
https://www.flyovericeland.com/stories/why-now-is-the-time-for-flyover-iceland/,12
https://bookings.flyovericeland.com/FOI/activities/details/16/RVK-FOI-GIFT/Attraction,11
https://www.flyovericeland.com/is/sogur/hittu-arkitektinn-okkar/,11
https://www.flyovericeland.com/is/sogur/moment-factory-f%C3%A6rir-%C3%BEer-island-i-ollu-sinu-veldi/,11
https://www.flyovericeland.com/is/sogur/nyjasta-kennileiti-grandans-tekur-a-sig-mynd/,11
https://bookings.flyovericeland.com/FOI/manage,10
https://www.flyovericeland.com/stories/musicians-of-flyover-iceland/,10
