url,"Sep 13 2024, 12:00AM - Dec 12 2024, 9:19AM"
https://www.flyoverlasvegas.com/,30407
https://www.flyoverlasvegas.com/tickets-prices/,29296
https://www.flyoverlasvegas.com/pricing-packages/,7756
https://www.flyoverlasvegas.com/the-experience/,7339
https://www.flyoverlasvegas.com/location-parking/,5870
https://bookings.flyoverlasvegas.com/FOLV/checkout,3978
https://www.flyoverlasvegas.com/now-showing/,3364
https://bookings.flyoverlasvegas.com/FOLV/redirectbooking,3069
https://bookings.flyoverlasvegas.com/FOLV/enhance,2934
https://www.flyoverlasvegas.com/the-lost-cactus-menu/,2679
https://www.flyoverlasvegas.com/faqs/,2560
https://bookings.flyoverlasvegas.com/printorder,1797
https://bookings.flyoverlasvegas.com/FOLV/activities/details/20/LAS-FOLV/Attraction,1340
https://bookings.flyoverlasvegas.com/FOLV/activities/20,978
https://www.flyoverlasvegas.com/pricing-packages/partnership-offers/,972
https://gtm-msr.appspot.com/render2?id=GTM-WXQJ239,756
https://www.flyoverlasvegas.com/contact-us/,621
https://www.flyoverlasvegas.com/now-showing/chicago/,466
https://flyoverlasvegas.com/,443
https://www.flyoverlasvegas.com/terms-conditions/,399
https://www.flyoverlasvegas.com/groups/,314
https://www.flyoverlasvegas.com/behind-the-scenes/,263
https://www.flyoverlasvegas.com/safety-accessibility/,254
https://flyoverlasvegas.com/tickets-prices/,215
https://www.flyoverlasvegas.com/group-events/,214
https://bookings.flyoverlasvegas.com/FOLV,213
https://bookings.flyoverlasvegas.com/FOLV/activities/details/20/LAS-FOLV/Attraction/2021-09-01,202
https://www.flyoverlasvegas.com/modify/,129
https://www.flyoverlasvegas.com/behind-the-scenes/6-things-you-need-to-know-about-flyover-las-vegas/,86
https://www.flyoverlasvegas.com/?gad_source=1,76
https://www.flyoverlasvegas.com/gift-tickets/,67
https://flyoverlasvegas.com/gift-tickets/,64
https://www.flyoverlasvegas.com/fundraising/,61
https://www.flyoverlasvegas.com/behind-the-scenes/5-must-try-cocktails-at-flyover-s-lost-cactus-bar/,51
https://flyoverlasvegas.com/pricing-packages/,48
https://www.flyoverlasvegas.com/group-events/birthdays/,42
https://flyoverlasvegas.com/location-parking/,41
https://www.flyoverlasvegas.com/behind-the-scenes/the-making-of-flyover-in-las-vegas/,40
https://bookings.flyoverlasvegas.com/FOLV/activities/details/20/LAS-FOLV-GIFT/Attraction,38
https://flyoverlasvegas.com/contact-us/,35
https://bookings.flyoverlasvegas.com/FOLV/activities/details/PKG-FOLV-DRD/Package?updateCartItem=LAS-FOLV&isUpgrade=1&fromwebtray=1,34
"https://www.flyoverlasvegas.com/behind-the-scenes/flyover-getting-the-shot-grand-canyon,-arizona/",33
https://flyoverlasvegas.com/now-showing/,30
https://www.flyoverlasvegas.com/behind-the-scenes/why-kids-love-flyover/,29
https://www.flyoverlasvegas.com/behind-the-scenes/what-to-know-about-windborne/,27
https://flyoverlasvegas.com/the-experience/,25
https://www.flyoverlasvegas.com/behind-the-scenes/chicago-takes-flight-sharing-a-citys-story/,25
https://www.flyoverlasvegas.com/behind-the-scenes/vegas-magic-from-guest-to-bartender/,25
https://www.flyoverlasvegas.com/behind-the-scenes/what-is-a-flight-ride/,25
https://flyoverlasvegas.com/faqs/,19
https://www.flyoverlasvegas.com/behind-the-scenes/flyover-getting-the-shot-stehekin-washington/,17
https://flyoverlasvegas.com/pricing-packages/partnership-offers/,16
https://flyoverlasvegas.com/terms-conditions/,16
https://www.flyoverlasvegas.com/behind-the-scenes/inspiring-future-hospitality-leaders-flyover-las-vegas/,15
https://flyoverlasvegas.com/behind-the-scenes/,13
https://flyoverlasvegas.com/the-lost-cactus-menu/,13
https://www.flyoverlasvegas.com/behind-the-scenes/7-thrill-rides-experiences-in-las-vegas/,12
https://bookings.flyoverlasvegas.com/FOLV/activities/details/20/LAS-FOLV/Attraction?,11
https://www.flyoverlasvegas.com/behind-the-scenes/the-view-from-up-high/,10
https://bookings.flyoverlasvegas.com/null/activities/20,9
https://flyoverlasvegas.com/group-events/,9
https://www.flyoverlasvegas.com/newsletter-signup/,9
https://flyoverlasvegas.com/fundraising/,8
https://flyoverlasvegas.com/safety-accessibility/,8
https://flyoverlasvegas.com/ventrata-tickets-prices/,8
https://bookings.flyoverlasvegas.com/FOLV/manage,7
https://flyoverlasvegas.com/groups/,7
https://www.flyoverlasvegas.com/?gad_source=1&gbraid=0AAAAApSqHh5GxxnktxL3tos4E8BBUm4m8,7
https://www.flyoverlasvegas.com/behind-the-scenes/flyover-getting-the-shot-fallen-leaf-lake/,7
https://www.flyoverlasvegas.com/ventrata-tickets-prices/,7
https://www.flyoverlasvegas.com/?gad_source=1&gbraid=0AAAAApSqHh4QVd8afyZMvHQuOWskDdtBr,6
https://www.flyoverlasvegas.com/?gad_source=1&gbraid=0AAAAApSqHh4qc1NuvyrXk-lgrR4xfHHEn,6
https://www.flyoverlasvegas.com/?gad_source=1&gbraid=0AAAAApSqHh5t6EB6t7drjkF9i2V60zxrw,6
https://bookings.flyoverlasvegas.com/FOLV/activities/details/LAS-FOLV/Attraction/2024-10-19/CMB-FOI/2/0?updateCartItem=LAS-FOLV,5
https://flyoverlasvegas.com/modify/,5
https://flyoverlasvegas.com/now-showing/chicago/,5
https://www.flyoverlasvegas.com/?gad_source=1&gbraid=0AAAAApSqHh4trSlwlWvSGseVjC639yfSu,5
https://www.flyoverlasvegas.com/upcoming-events/,5
https://bookings.flyoverlasvegas.com/FOLV/activities/details/LAS-FOLV/Attraction/2024-09-21/CMB-FOI/2/0?updateCartItem=LAS-FOLV&isUpgrade=1&autoSelectUnit=1&fromwebtray=1,4
https://bookings.flyoverlasvegas.com/FOLV/activities/details/LAS-FOLV/Attraction/2024-10-17/ADM/2/0?updateCartItem=LAS-FOLV,4
https://bookings.flyoverlasvegas.com/FOLV/loadbooking?BookingNumber=ITEUzwMD0Y7K091OJ3cDSA%3d%3d,4
https://bookings.flyoverlasvegas.com/FOLV/loadbooking?BookingNumber=d1brb8ZicomjSCfhgLk62w%3d%3d,4
https://www.flyoverlasvegas.com/?gad_source=1&gbraid=0AAAAApSqHh4ta4eo24ExYfcp1-mKpaD6p,4
https://www.flyoverlasvegas.com/?gad_source=1&gbraid=0AAAAApSqHh53wAa97Hv9fclC6cHy3ylzG,4
https://www.flyoverlasvegas.com/?gad_source=1&gbraid=0AAAAApSqHh5x8Mv5gAIEg9Q4_6PTAN7IY,4
https://www.flyoverlasvegas.com/?gad_source=1&gbraid=0AAAAApSqHh6NNaeeQgGDv7FE169KyZqlR,4
https://www.flyoverlasvegas.com/?gad_source=1&gbraid=0AAAAApSqHh6tMeB2VrX1sDlu0LdYBaBaI,4
https://www.flyoverlasvegas.com/location-parking/?gad_source=1,4
https://bookings.flyoverlasvegas.com/FOLV/activities/details/LAS-FOLV/Attraction/2024-09-22/ADM-FOI/2/0?updateCartItem=LAS-FOLV,3
https://bookings.flyoverlasvegas.com/FOLV/activities/details/LAS-FOLV/Attraction/2024-09-28/ADM-FOI/2/0?updateCartItem=LAS-FOLV,3
https://bookings.flyoverlasvegas.com/FOLV/activities/details/LAS-FOLV/Attraction/2024-10-01/CMB-FOI/2/0?updateCartItem=LAS-FOLV,3
https://bookings.flyoverlasvegas.com/FOLV/activities/details/LAS-FOLV/Attraction/2024-10-07/ADM/2/0?updateCartItem=LAS-FOLV,3
https://bookings.flyoverlasvegas.com/FOLV/activities/details/LAS-FOLV/Attraction/2024-10-11/CMB-FOI/2/0?updateCartItem=LAS-FOLV&isUpgrade=1&autoSelectUnit=1&fromwebtray=1,3
https://bookings.flyoverlasvegas.com/FOLV/activities/details/LAS-FOLV/Attraction/2024-10-12/ADM/2/0?updateCartItem=LAS-FOLV,3
https://bookings.flyoverlasvegas.com/FOLV/activities/details/LAS-FOLV/Attraction/2024-10-17/ADM-RKY/2/0?updateCartItem=LAS-FOLV,3
https://bookings.flyoverlasvegas.com/FOLV/activities/details/LAS-FOLV/Attraction/2024-10-19/ADM/14/0?updateCartItem=LAS-FOLV,3
https://bookings.flyoverlasvegas.com/FOLV/activities/details/LAS-FOLV/Attraction/2024-10-20/CMB-FOI/2/0?updateCartItem=LAS-FOLV&isUpgrade=1&autoSelectUnit=1&fromwebtray=1,3
https://bookings.flyoverlasvegas.com/FOLV/activities/details/PKG-FOLV-CHI-DRD/Package?updateCartItem=PKG-FOLV-CHI-DRD,3
https://bookings.flyoverlasvegas.com/FOLV/activities/details/PKG-FOLV-DRD/Package?updateCartItem=PKG-FOLV-DRD,3
