page_url,image_src
https://stage.glacierparkcollection.com/activities/glacier-raft-co/rafting-trips/half-day-scenic-float/,https://www.pursuitcollection.com/Website/media/pursuit/layout/Media/TA-Travelers-Choice-2023-Small.png
https://glacierparkcollection.com/,https://glacierparkcollection.com/Website/media/pursuit/layout/Icons/Black-small/Boat.png
https://glacierparkcollection.com/,https://glacierparkcollection.com/Website/media/pursuit/layout/Icons/Black-small/Heart.png
https://glacierparkcollection.com/,https://glacierparkcollection.com/Website/media/pursuit/layout/Icons/Black-small/Bed.png
https://glacierparkcollection.com/lodging/belton-chalet/,https://www.pursuitcollection.com/getmedia/7b3cb8e8-701a-4d95-9e7d-099ac48406b3/TA-2024-Travellers-Choice-Small.png?width=68&height=80&ext=.png
https://glacierparkcollection.com/lodging/west-glacier-village/ways-to-stay/west-glacier-rv-park/,https://www.pursuitcollection.com/Website/media/pursuit/layout/Media/LLP-Good-Sam-Park.png
https://glacierparkcollection.com/lodging/west-glacier-village/ways-to-stay/west-glacier-rv-park/,https://www.pursuitcollection.com/Website/media/pursuit/layout/Media/LLP-Publication-G-G-M-P.png?ext=.png
https://glacierparkcollection.com/lodging/west-glacier-village/ways-to-stay/west-glacier-rv-park/,https://www.pursuitcollection.com/Website/media/pursuit/layout/Media/LLP-Publication-G-G-M-P.png?ext=.png
https://glacierparkcollection.com/lodging/west-glacier-village/ways-to-stay/west-glacier-rv-park/,https://www.pursuitcollection.com/Website/media/pursuit/layout/Media/LLP-Publication-G-G-M-P.png?ext=.png
